{"seat_width":0.508,"seat_picth":0.762,"asile_width":0.4572,"asile_height":1.8796,"lavatories_pax":2,"baggage_pax":18.144,"typeI_width":0.762,"typeIII_width":0.508,"galley_width":0.762,"toilet_width":0.9144,"cabin_width":3.207004,"struttura":0.20980400000000002,"nfile":20,"ln_df":1.2,"ln":3.8484048,"lf_df":9.5916363060351664,"lt":8.979611199999999,"lc":17.9324,"lf":30.760416000000003,"teta_f":18,"psi":42}