{"Cla18":0.11899999999999994,"Cla15":0.122,"Xac15":0.24679487179487178,"Xac18":0.25469483568075119,"Clmax13":1.813,"Clmax18":1.969}